rank,lambda_rel,g_max,k_max,token_exact_entry_lift,needle_token_exact_entry_rate,random_token_exact_entry_rate,token_isolation_lift,needle_token_isolated_rate,random_token_isolated_rate,needle_cluster_merged_by_ward_rate,needle_token_ward_merged_rate,span_any_ward_merged_rate,K_max_binding_rate,ward_merge_count_mean,k_max_binding_count_mean,new_cluster_attempt_count_mean,span_all_tokens_exact_entry_lift,span_all_tokens_exact_entry_rate,random_span_all_tokens_exact_entry_rate,span_all_tokens_isolation_lift,span_all_tokens_isolated_rate,random_span_all_tokens_isolated_rate,span_any_token_exact_entry_lift,span_any_token_exact_entry_rate,random_span_any_token_exact_entry_rate,span_any_token_isolation_lift,span_any_token_isolated_rate,random_span_any_token_isolated_rate,cluster_size_mean,cluster_size_quantiles.p50,cluster_size_quantiles.p90,cluster_size_quantiles.p99,cluster_size_max,cluster_count_mean,segment_count_mean,sample_groups,sample_groups_with_needle,span_count,needle_token_count,random_token_count,layer_group_count
1,1.0,inf,15,10.616450814901048,0.486375,0.04581333333333333,311.3372093023256,0.2008125,0.000645,0.6354166666666666,0.3105625,0.6354166666666666,0.98705525665645,1046.421875,1046.421875,1060.1451822916667,20.07755277897458,0.3033854166666667,0.015110677083333333,12150.0,0.158203125,1.3020833333333334e-05,3.596199993425594,0.7122395833333334,0.19805338541666667,37.46478873239437,0.3463541666666667,0.009244791666666667,2480.943979166667,1352.0,6514.0,14885.0,18263.0,13.723307291666666,1060.1451822916667,1536,1536,1536,48000,4800000,1536
2,1.0,8192,15,10.610875465419184,0.48625,0.045825625,309.8745577356063,0.20070833333333332,0.0006477083333333334,0.634765625,0.30964583333333334,0.634765625,0.9870696378761658,1046.408203125,1046.408203125,1060.1158854166667,19.922547332185886,0.3014322916666667,0.015130208333333334,8000.0,0.15625,1.953125e-05,3.59114206860297,0.7115885416666666,0.19815104166666667,37.14085494043447,0.3450520833333333,0.009290364583333334,2480.4638125,1352.0,6509.399999999994,14885.0,18266.0,13.707682291666666,1061.0481770833333,1536,1536,1536,48000,4800000,1536
3,1.0,4096,15,10.598515071929045,0.4859375,0.04584958333333333,310.13187520102923,0.200875,0.0006477083333333334,0.6354166666666666,0.3086041666666667,0.6354166666666666,0.9870712237378474,1046.2897135416667,1046.2897135416667,1059.994140625,20.008587376556463,0.3033854166666667,0.015162760416666667,8066.666666666667,0.15755208333333334,1.953125e-05,3.583511249794712,0.7102864583333334,0.19820963541666667,37.06293706293706,0.3450520833333333,0.009309895833333333,2479.1551458333333,1350.0,6510.0,14885.0,18266.0,13.704427083333334,1061.236328125,1536,1536,1536,48000,4800000,1536
4,0.875,inf,15,10.554129414888909,0.4967916666666667,0.04707083333333333,238.14265863825847,0.21422916666666666,0.0008995833333333333,0.7584635416666666,0.40041666666666664,0.7584635416666666,0.9929378736974346,1995.5006510416667,1995.5006510416667,2009.693359375,21.093117408906885,0.3391927083333333,0.016080729166666665,5066.666666666666,0.19791666666666666,3.90625e-05,3.5214432460195173,0.7141927083333334,0.2028125,24.293286219081274,0.3580729166666667,0.014739583333333334,2341.070625,1312.0,6118.0,13732.0,17615.0,14.192708333333334,2009.693359375,1536,1536,1536,48000,4800000,1536
5,0.875,8192,15,10.547854902290434,0.4966875,0.04708895833333333,237.85350023180342,0.21377083333333333,0.00089875,0.7571614583333334,0.39979166666666666,0.7571614583333334,0.9929418716837067,1995.3567708333333,1995.3567708333333,2009.5403645833333,20.87378640776699,0.3359375,0.01609375,4983.333333333333,0.19466145833333334,3.90625e-05,3.521895466803647,0.7141927083333334,0.20278645833333334,24.121265377855888,0.357421875,0.014817708333333334,2341.5012291666667,1313.0,6118.0,13732.0,17615.0,14.18359375,2010.5625,1536,1536,1536,48000,4800000,1536
6,0.875,4096,15,10.527618862352222,0.4960833333333333,0.047122083333333335,242.10898796886056,0.2138125,0.000883125,0.7552083333333334,0.3993541666666667,0.7552083333333334,0.9929416194001948,1995.193359375,1995.193359375,2009.3763020833333,20.85691188358933,0.3359375,0.016106770833333332,5016.666666666666,0.19596354166666666,3.90625e-05,3.5180073184823777,0.7135416666666666,0.20282552083333333,24.227714033539275,0.357421875,0.014752604166666667,2340.6859375,1311.0,6118.0,13732.0,17615.0,14.182942708333334,2010.7317708333333,1536,1536,1536,48000,4800000,1536
7,1.0,inf,16,10.158982032055125,0.49083333333333334,0.04831520833333333,221.01710171017103,0.204625,0.0009258333333333333,0.6145833333333334,0.295125,0.6145833333333334,0.9858652553304595,1010.5690104166666,1010.5690104166666,1025.0579427083333,19.466444351813255,0.3040364583333333,0.015618489583333334,12150.0,0.158203125,1.3020833333333334e-05,3.4986328610489683,0.7330729166666666,0.20953125,26.137963397465978,0.3626302083333333,0.013873697916666667,2336.44725,1253.0,6265.0,14885.0,18263.0,14.488932291666666,1025.0579427083333,1536,1536,1536,48000,4800000,1536
8,1.0,4096,16,10.156546162594342,0.4911875,0.048361666666666664,221.99058507061198,0.2063125,0.000929375,0.6126302083333334,0.29275,0.6126302083333334,0.9858818611931273,1010.4108072916666,1010.4108072916666,1024.8802083333333,19.493985897967647,0.3059895833333333,0.015696614583333334,8166.666666666667,0.15950520833333334,1.953125e-05,3.497328860728041,0.7330729166666666,0.209609375,25.92246613731901,0.361328125,0.013938802083333333,2332.4731875,1250.0,6265.0,14885.0,18266.0,14.469401041666666,1026.2779947916667,1536,1536,1536,48000,4800000,1536
9,1.0,8192,16,10.153395380903138,0.49091666666666667,0.04835,220.59681400044872,0.20483333333333334,0.0009285416666666667,0.6145833333333334,0.2940625,0.6145833333333334,0.985879815186281,1010.4895833333334,1010.4895833333334,1024.9622395833333,19.318653926049024,0.302734375,0.015670572916666667,8033.333333333333,0.15690104166666666,1.953125e-05,3.4950913383869766,0.732421875,0.20955729166666667,26.066572902015942,0.3619791666666667,0.01388671875,2335.357375,1253.0,6265.0,14885.0,18266.0,14.47265625,1025.9661458333333,1536,1536,1536,48000,4800000,1536
10,0.875,inf,16,10.000833680700293,0.49983333333333335,0.049979166666666665,241.56843877796487,0.20920833333333333,0.0008660416666666667,0.7350260416666666,0.389625,0.7350260416666666,0.9922732581746362,1933.08203125,1933.08203125,1948.134765625,19.938176197836167,0.3359375,0.016848958333333334,5016.666666666666,0.19596354166666666,3.90625e-05,3.382259093809828,0.724609375,0.21423828125,24.75972540045767,0.3522135416666667,0.014225260416666666,2209.8203541666667,1181.0,5560.0,13732.0,17615.0,15.052734375,1948.134765625,1536,1536,1536,48000,4800000,1536
11,0.875,8192,16,9.991372735343028,0.4994375,0.049986875,241.39927623642944,0.20845833333333333,0.0008635416666666666,0.7337239583333334,0.3889375,0.7337239583333334,0.9922786374522177,1933.0169270833333,1933.0169270833333,1948.05859375,19.644924739482825,0.3313802083333333,0.016868489583333333,4900.0,0.19140625,3.90625e-05,3.3834929320565434,0.724609375,0.21416015625,24.646280237334548,0.3515625,0.014264322916666667,2210.6628125,1181.0,5560.0,13732.0,17615.0,15.041666666666666,1949.15625,1536,1536,1536,48000,4800000,1536
12,0.875,4096,16,9.969169235897008,0.4985,0.05000416666666667,243.48780487804876,0.20797916666666666,0.0008541666666666667,0.732421875,0.38885416666666667,0.732421875,0.9922787355735985,1932.8743489583333,1932.8743489583333,1947.9147135416667,19.667697063369395,0.3313802083333333,0.016848958333333334,4900.0,0.19140625,3.90625e-05,3.378768100543396,0.724609375,0.21445963541666666,24.747474747474747,0.3509114583333333,0.0141796875,2210.7355,1180.0,5556.0,13732.0,17615.0,15.040364583333334,1949.404296875,1536,1536,1536,48000,4800000,1536
13,1.0,inf,32,6.788411046589624,0.5903541666666666,0.086965,68.77837391663228,0.27775,0.004038333333333333,0.4388020833333333,0.20245833333333332,0.4388020833333333,0.9640170214033074,674.46484375,674.46484375,699.6399739583334,14.037192561487702,0.3046875,0.021705729166666667,8133.333333333333,0.15885416666666666,1.953125e-05,2.4740349744621866,0.8483072916666666,0.34288411458333334,8.773424190800682,0.5364583333333334,0.06114583333333334,1653.1144791666666,540.0,4639.0999999999985,14885.0,18263.0,25.175130208333332,699.6399739583334,1536,1536,1536,48000,4800000,1536
14,1.0,8192,32,6.785097458672588,0.5901041666666667,0.086970625,68.17482302246844,0.276875,0.00406125,0.4388020833333333,0.20247916666666665,0.4388020833333333,0.9640614908115573,674.4049479166666,674.4049479166666,699.5455729166666,13.952095808383236,0.3033854166666667,0.021744791666666666,6024.999999999999,0.15690104166666666,2.604166666666667e-05,2.4715731126255243,0.84765625,0.34296223958333333,8.738996712270655,0.5364583333333334,0.06138671875,1653.1087083333334,537.0,4639.0,14885.0,18266.0,25.140625,700.9537760416666,1536,1536,1536,48000,4800000,1536
15,1.0,4096,32,6.785010145093986,0.5907708333333334,0.08707,68.62755314714465,0.27439583333333334,0.003998333333333333,0.4401041666666667,0.20052083333333334,0.4401041666666667,0.9640292663472415,673.5514322916666,673.5514322916666,698.68359375,14.072303555422767,0.306640625,0.021790364583333333,6125.0,0.15950520833333334,2.604166666666667e-05,2.471085070765485,0.845703125,0.3422395833333333,8.704167120008705,0.5208333333333334,0.05983723958333333,1650.7499583333333,539.0,4648.0,14885.0,18266.0,25.132161458333332,701.5930989583334,1536,1536,1536,48000,4800000,1536
16,0.875,8192,32,6.584156257243374,0.5977083333333333,0.09077979166666666,72.12674820663675,0.2911666666666667,0.004036875,0.5618489583333334,0.2876875,0.5618489583333334,0.980560138279833,1362.45703125,1362.45703125,1389.4680989583333,13.918512441892261,0.3313802083333333,0.02380859375,4271.428571428572,0.19466145833333334,4.557291666666667e-05,2.4157470921562783,0.84375,0.3492708333333333,8.541114058355436,0.5240885416666666,0.061360677083333336,1498.3034166666666,547.0,3726.0,13732.0,17615.0,27.011067708333332,1391.201171875,1536,1536,1536,48000,4800000,1536
17,0.875,inf,32,6.580215744778518,0.5972916666666667,0.09077083333333333,72.18635401063995,0.2911666666666667,0.004033541666666667,0.5638020833333334,0.28933333333333333,0.5638020833333334,0.9805348774124089,1362.5559895833333,1362.5559895833333,1389.6048177083333,13.996719518862765,0.3333333333333333,0.023815104166666667,4314.285714285715,0.19661458333333334,4.557291666666667e-05,2.414018081834281,0.8430989583333334,0.3492513020833333,8.53050397877984,0.5234375,0.061360677083333336,1497.7724166666667,547.0,3729.0,13732.0,17615.0,27.048828125,1389.6048177083333,1536,1536,1536,48000,4800000,1536
18,0.875,4096,32,6.54460700731533,0.5949375,0.090905,72.0381110190555,0.28983333333333333,0.004023333333333334,0.5598958333333334,0.2862708333333333,0.5598958333333334,0.9805646239496862,1361.7923177083333,1361.7923177083333,1388.7838541666667,13.88055631306245,0.3313802083333333,0.023873697916666665,4271.428571428572,0.19466145833333334,4.557291666666667e-05,2.4051717713689547,0.8404947916666666,0.349453125,8.582685549994675,0.5247395833333334,0.06113932291666667,1497.9529166666666,553.5,3725.0,13732.0,17615.0,26.991536458333332,1391.759765625,1536,1536,1536,48000,4800000,1536
19,1.0,inf,64,4.650488683016849,0.6751666666666667,0.145181875,19.394560782120593,0.39014583333333336,0.02011625,0.38671875,0.13495833333333335,0.38671875,0.9148876134203333,458.064453125,458.064453125,500.6783854166667,10.83986562150056,0.3151041666666667,0.029069010416666666,2420.0,0.15755208333333334,6.510416666666667e-05,1.8612113918973123,0.90625,0.4869140625,3.314445172129047,0.7578125,0.22863932291666667,1371.5598125,264.0,3773.199999999997,14885.0,18263.0,42.613932291666664,500.6783854166667,1536,1536,1536,48000,4800000,1536
20,1.0,8192,64,4.648695609788267,0.6755416666666667,0.14531854166666666,19.2819286053082,0.38958333333333334,0.020204583333333335,0.388671875,0.13347916666666668,0.388671875,0.9149224569226807,457.8984375,457.8984375,500.4778645833333,10.77335717478766,0.3138020833333333,0.029127604166666668,2172.727272727273,0.15559895833333334,7.161458333333333e-05,1.8594019436164098,0.9055989583333334,0.4870377604166667,3.29726505921445,0.755859375,0.22923828125,1370.4142708333334,264.0,3774.0,14885.0,18266.0,42.579427083333336,503.21484375,1536,1536,1536,48000,4800000,1536
21,1.0,4096,64,4.6342254223222685,0.6759375,0.14585770833333334,19.067655737023646,0.38235416666666666,0.0200525,0.380859375,0.13097916666666667,0.380859375,0.9147558127556589,456.7174479166667,456.7174479166667,499.2779947916667,10.92005359535507,0.318359375,0.029153645833333332,2700.0,0.158203125,5.859375e-05,1.8558630832999063,0.9036458333333334,0.4869140625,3.339141363649347,0.7610677083333334,0.22792317708333334,1366.8434583333333,260.0,3775.0999999999985,14885.0,18266.0,42.560546875,507.7845052083333,1536,1536,1536,48000,4800000,1536
22,0.875,inf,64,4.44502383292219,0.6926041666666667,0.155815625,21.375275468996456,0.39808333333333334,0.018623541666666667,0.4635416666666667,0.21320833333333333,0.4635416666666667,0.9537444127872023,950.1927083333334,950.1927083333334,996.2760416666666,10.946385052802599,0.3509114583333333,0.03205729166666667,1776.4705882352944,0.19661458333333334,0.00011067708333333333,1.7828387393604785,0.908203125,0.5094140625,3.427288305855936,0.7552083333333334,0.2203515625,1199.0584583333334,249.0,3162.899999999958,13732.0,17615.0,46.083333333333336,996.2760416666666,1536,1536,1536,48000,4800000,1536
23,0.875,8192,64,4.443841591673861,0.6927708333333333,0.15589458333333334,21.422482446104492,0.39789583333333334,0.01857375,0.46484375,0.21370833333333333,0.46484375,0.9537939320096427,949.9837239583334,949.9837239583334,996.0052083333334,10.87840585603904,0.3483072916666667,0.03201822916666667,1758.8235294117649,0.19466145833333334,0.00011067708333333333,1.7826336975273145,0.908203125,0.50947265625,3.4163237514432048,0.7513020833333334,0.21991536458333333,1199.9554375,248.0,3189.0999999999985,13732.0,17615.0,46.021484375,998.71484375,1536,1536,1536,48000,4800000,1536
24,0.875,4096,64,4.4067494163973375,0.6894166666666667,0.156445625,21.493164139675084,0.396625,0.018453541666666667,0.45703125,0.21295833333333333,0.45703125,0.9537052934261071,947.5,947.5,993.4934895833334,10.932082398531511,0.3489583333333333,0.03192057291666667,2135.714285714286,0.19466145833333334,9.114583333333334e-05,1.779445742222903,0.9075520833333334,0.51001953125,3.3988049458675973,0.748046875,0.22009114583333333,1197.4454166666667,243.0,3170.0,13732.0,17615.0,45.993489583333336,1001.349609375,1536,1536,1536,48000,4800000,1536
25,1.0,inf,128,3.600436766851955,0.7267916666666666,0.20186208333333333,8.747970373006517,0.491625,0.05619875,0.3092447916666667,0.07970833333333334,0.3092447916666667,0.8093144186774731,316.3391927083333,316.3391927083333,390.873046875,9.152301403945263,0.3352864583333333,0.036634114583333335,834.4827586206898,0.15755208333333334,0.00018880208333333333,1.6748312714246743,0.9192708333333334,0.5488736979166666,2.09150740412606,0.8606770833333334,0.41151041666666666,1257.6792291666666,135.0,3662.0,14885.0,18263.0,74.53385416666667,390.873046875,1536,1536,1536,48000,4800000,1536
26,1.0,8192,128,3.58741304768134,0.7267291666666666,0.2025775,8.752611083889935,0.49495833333333333,0.05654979166666667,0.3059895833333333,0.0811875,0.3059895833333333,0.8091391256617265,315.7428385416667,315.7428385416667,390.220703125,9.12311780336581,0.3352864583333333,0.03675130208333333,746.875,0.15559895833333334,0.00020833333333333335,1.6740568610248265,0.9192708333333334,0.5491276041666666,2.06860641252209,0.853515625,0.41260416666666666,1256.0252916666666,132.0,3662.0,14885.0,18266.0,74.47786458333333,398.9583333333333,1536,1536,1536,48000,4800000,1536
27,1.0,4096,128,3.555394789129925,0.7269375,0.20446041666666667,8.493457781195701,0.4877916666666667,0.05743145833333333,0.3092447916666667,0.07839583333333333,0.3092447916666667,0.8081519487555372,313.685546875,313.685546875,388.1516927083333,9.011678577653825,0.3365885416666667,0.03735026041666667,714.7058823529412,0.158203125,0.00022135416666666666,1.6717054952872135,0.91796875,0.54912109375,2.063819403995403,0.853515625,0.4135611979166667,1252.2978125,136.0,3662.0,14885.0,18266.0,74.46614583333333,416.85546875,1536,1536,1536,48000,4800000,1536
28,1.0,inf,unclipped,3.248799574477387,0.743125,0.22873833333333332,6.253924124233192,0.5333125,0.08527645833333333,0.0,0.0,0.0,0.0,0.0,0.0,311.2486979166667,8.450704225352112,0.3515625,0.0416015625,254.73684210526318,0.15755208333333334,0.0006184895833333333,1.65068477170388,0.9212239583333334,0.5580859375,1.9467288212615625,0.8645833333333334,0.44412109375,1216.6089583333332,100.0,3660.0,14885.0,18263.0,311.2486979166667,311.2486979166667,1536,1536,1536,48000,4800000,1536
29,1.0,8192,unclipped,3.226217294772041,0.7441041666666667,0.23064291666666667,6.17993579724029,0.5362291666666666,0.086769375,0.0,0.0,0.0,0.0,0.0,0.0,310.296875,8.323133414932682,0.3541666666666667,0.04255208333333333,265.5555555555556,0.15559895833333334,0.0005859375,1.6479802335609892,0.9205729166666666,0.5586067708333333,1.9281050525116488,0.859375,0.4457096354166667,1214.1447083333333,99.0,3639.0,14885.0,18266.0,310.296875,359.908203125,1536,1536,1536,48000,4800000,1536
30,1.0,4096,unclipped,3.1910803537101113,0.7452708333333333,0.233548125,6.034474631874659,0.5334375,0.08839833333333333,0.0,0.0,0.0,0.0,0.0,0.0,309.3483072916667,8.144391408114558,0.35546875,0.043645833333333335,264.1304347826087,0.158203125,0.0005989583333333333,1.6437558247903075,0.9186197916666666,0.5588541666666667,1.9168490153172866,0.85546875,0.4462890625,1209.5121458333333,100.0,3635.3999999999796,14885.0,18266.0,309.3483072916667,418.2727864583333,1536,1536,1536,48000,4800000,1536
31,0.875,inf,128,3.188934376691559,0.7585,0.23785375,8.228588659060591,0.5230416666666666,0.06356395833333334,0.42578125,0.1440625,0.42578125,0.8912971066524757,660.2428385416666,660.2428385416666,740.7662760416666,8.908177249885792,0.380859375,0.04275390625,642.5531914893617,0.19661458333333334,0.00030598958333333335,1.5551675215540761,0.927734375,0.5965494791666667,1.9222386275750545,0.8899739583333334,0.46298828125,1060.3675208333334,106.5,2761.0,13732.0,17615.0,80.5234375,740.7662760416666,1536,1536,1536,48000,4800000,1536
32,0.875,8192,128,3.183040334536097,0.7586458333333334,0.23834,8.202465465876571,0.5242708333333334,0.06391625,0.423828125,0.14408333333333334,0.423828125,0.8912592790744333,659.4088541666666,659.4088541666666,739.8619791666666,8.882477983601579,0.380859375,0.042877604166666666,679.5454545454546,0.19466145833333334,0.00028645833333333333,1.5548451156040983,0.927734375,0.5966731770833333,1.9113289423792605,0.8860677083333334,0.4635872395833333,1059.7341875,107.0,2760.0,13732.0,17615.0,80.453125,746.9739583333334,1536,1536,1536,48000,4800000,1536
33,0.875,4096,128,3.163163232699335,0.7589166666666667,0.23992333333333332,8.167519915442453,0.5248125,0.06425604166666667,0.421875,0.1460625,0.421875,0.8907710079038982,656.1705729166666,656.1705729166666,736.6321614583334,8.705457825890843,0.376953125,0.04330078125,679.5454545454546,0.19466145833333334,0.00028645833333333333,1.5534044083981948,0.927734375,0.5972265625,1.9107207990797117,0.88671875,0.4640755208333333,1055.912875,107.5,2715.0,13732.0,17615.0,80.46158854166667,761.431640625,1536,1536,1536,48000,4800000,1536
34,0.875,inf,unclipped,2.5284219615993337,0.7917916666666667,0.31315645833333333,4.16225897629642,0.6197083333333333,0.1488875,0.0,0.0,0.0,0.0,0.0,0.0,518.51171875,7.013622818220519,0.4290364583333333,0.061171875,109.6774193548387,0.19921875,0.00181640625,1.5191299818214676,0.9303385416666666,0.6124153645833333,1.6902094495859716,0.9036458333333334,0.5346354166666667,986.837,47.0,2713.0,13732.0,17615.0,518.51171875,518.51171875,1536,1536,1536,48000,4800000,1536
35,0.875,8192,unclipped,2.5132672738815884,0.7925625,0.31535145833333333,4.123166653791398,0.6226875,0.15102166666666667,0.0,0.0,0.0,0.0,0.0,0.0,516.705078125,6.765042086667359,0.423828125,0.06264973958333334,113.05970149253731,0.197265625,0.0017447916666666666,1.5186133752749762,0.9303385416666666,0.6126236979166667,1.6838212034941722,0.9010416666666666,0.5351171875,985.4366875,48.0,2713.0,13732.0,17615.0,516.705078125,601.4661458333334,1536,1536,1536,48000,4800000,1536
36,0.875,4096,unclipped,2.4822470593378543,0.7925416666666667,0.31928395833333334,4.041862241374173,0.6217916666666666,0.15383791666666666,0.0,0.0,0.0,0.0,0.0,0.0,514.2799479166666,6.63129973474801,0.4231770833333333,0.06381510416666666,113.80597014925374,0.19856770833333334,0.0017447916666666666,1.5157304801936058,0.9296875,0.613359375,1.6779257387247277,0.8990885416666666,0.5358333333333334,983.3852708333334,50.0,2712.0999999999985,13732.0,17615.0,514.2799479166666,702.6790364583334,1536,1536,1536,48000,4800000,1536
